Workbook

Sheet Inputs
A1: Parameter | B1: Symbol | C1: Value | D1: Units | E1: Notes
A2: Feed gas temperature (H2) | B2: T0_H2 | C2: 300 | D2: K | E2: Bottle/regulator outlet temperature
A3: Feed gas temperature (O2) | B3: T0_O2 | C3: 300 | D3: K
A4: Regulator setpoint (H2) | B4: P0_H2 | C4: 300 | D4: psi | E4: Downstream of regulator upstream of orifice
A5: Regulator setpoint (O2) | B5: P0_O2 | C5: 300 | D5: psi
A6: Torch back pressure (chamber) | B6: Pc_guess | C6: 60 | D6: psia | E6: Initial guess. Will update with calcs
A7: Orifice diameter (H2) | B7: d_H2 | C7: 0.8 | D7: mm | E7: Sharp-edged unless noted; set C_d below
A8: Orifice diameter (O2) | B8: d_O2 | C8: 0.8 | D8: mm
A9: Discharge coefficient (H2) | B9: Cd_H2 | C9: 0.85 | D9: - | E9: 0.8–0.9 typical
A10: Discharge coefficient (O2) | B10: Cd_O2 | C10: 0.85 | D10: -
A11: Torch exit area | B11: A_exit | C11: 30 | D11: mm^2 | E11: For jet velocity / choked check
A12: Chamber volume | B12: V_ch | C12: 10000 | D12: mm^3 | E12: Internal torch plenum volume
A13: Run time | B13: t_run | C13: 1 | D13: s
A14: Wall thickness (avg) | B14: t_wall | C14: 1.5 | D14: mm
A15: Wall conductivity | B15: k_wall | C15: 16 | D15: W/m-K | E15: e.g., 316SS ≈ 16
A16: Wall density | B16: rho_wall | C16: 8000 | D16: kg/m^3
A17: Wall c_p | B17: cp_wall | C17: 500 | D17: J/kg-K
A18: Ambient temperature | B18: T_amb | C18: 295 | D18: K | E18: Outside convective sink
A19: Outside h (to ambient) | B19: h_out | C19: 10 | D19: W/m^2-K | E19: Free convection estimate
A20: Inside h (gas-side) | B20: h_in | C20: 12000 | D20: W/m^2-K | E20: Torch-side convection estimate
A21: Bolt size (major dia) | B21: d_bolt | C21: 6 | D21: mm | E21: e.g., M6
A22: Bolt material proof strength | B22: S_p | C22: 650 | D22: MPa
A23: Number of bolts | B23: N_bolts | C23: 6 | D23: -
A24: Nut factor K (torque) | B24: K_t | C24: 0.18 | D24: - | E24: 0.18–0.22 typical with lube
A25: O-ring cross-section | B25: CS | C25: 2.62 | D25: mm | E25: AS568-0xx example
A26: O-ring ID groove diameter | B26: D_g | C26: 26 | D26: mm | E26: For gland geometry
A27: Main chamber (engine) total pressure | B27: P_main | C27: 300 | D27: psia | E27: For jet momentum vs crossflow
A28: Main chamber (engine) total temperature | B28: T_main | C28: 1000 | D28: K
A29: Target equivalence ratio (torch) | B29: phi_target | C29: 2 | D29: - | E29: Optional for Goal Seek

Sheet Regs_Orifices
A1: Quantity | B1: Formula / Description | C1: Value | D1: Units
A2: Area_H2 | B2: =PI()*(INDEX(Inputs!C:C,6)/1000/2)^2 -> 0.0028274334 | D2: m^2
A3: Area_O2 | B3: =PI()*(INDEX(Inputs!C:C,7)/1000/2)^2 -> 5.0265482e-07 | D3: m^2
A4: P0_H2_Pa | B4: =INDEX(Inputs!C:C,3)*6894.757 -> 2068427.1 | D4: Pa
A5: P0_O2_Pa | B5: =INDEX(Inputs!C:C,4)*6894.757 -> 2068427.1 | D5: Pa
A6: T0_H2 | B6: =INDEX(Inputs!C:C,1) -> Value | D6: K
A7: T0_O2 | B7: =INDEX(Inputs!C:C,2) -> 300 | D7: K
A8: gamma_H2 | B8: 1.41 | D8: -
A9: gamma_O2 | B9: 1.40 | D9: -
A10: R_H2 | B10: 4124 | D10: J/kg-K
A11: R_O2 | B11: 259.8 | D11: J/kg-K
A12: Cd_H2 | B12: =INDEX(Inputs!C:C,8) -> 0.8 | D12: -
A13: Cd_O2 | B13: =INDEX(Inputs!C:C,9) -> 0.85 | D13: -
A14: Pc_Pa | B14: =INDEX(Inputs!C:C,5)*6894.757 -> 2068427.1 | D14: Pa
A15: Crit_ratio_H2 | B15: =(2/(1+INDEX(Regs_Orifices!C:C,7)))^(INDEX(Regs_Orifices!C:C,7)/(INDEX(Regs_Orifices!C:C,7)-1)) -> 1 | D15: -
A16: Crit_ratio_O2 | B16: =(2/(1+INDEX(Regs_Orifices!C:C,8)))^(INDEX(Regs_Orifices!C:C,8)/(INDEX(Regs_Orifices!C:C,8)-1)) -> 1 | D16: -
A17: Choked_H2? | B17: =IF(Regs_Orifices!C13/Regs_Orifices!C3<Regs_Orifices!C14,1,0) -> #DIV/0! | D17: 1=choked
A18: Choked_O2? | B18: =IF(Regs_Orifices!C13/Regs_Orifices!C4<Regs_Orifices!C15,1,0) -> #DIV/0! | D18: 1=choked
A19: mdot_H2_choked | B19: =INDEX(Regs_Orifices!C:C,11)*INDEX(Regs_Orifices!C:C,1)*INDEX(Regs_Orifices!C:C,3)/SQRT(INDEX(Regs_Orifices!C:C,5))*SQRT(INDEX(Regs_Orifices!C:C,7)/INDEX(Regs_Orifices!C:C,9))*(2/(1+INDEX(Regs_Orifices!C:C,7)))^((INDEX(Regs_Orifices!C:C,7)+1)/(2*(INDEX(Regs_Orifices!C:C,7)-1))) -> #VALUE! | D19: kg/s
A20: mdot_O2_choked | B20: =INDEX(Regs_Orifices!C:C,12)*INDEX(Regs_Orifices!C:C,2)*INDEX(Regs_Orifices!C:C,4)/SQRT(INDEX(Regs_Orifices!C:C,6))*SQRT(INDEX(Regs_Orifices!C:C,8)/INDEX(Regs_Orifices!C:C,10))*(2/(1+INDEX(Regs_Orifices!C:C,8)))^((INDEX(Regs_Orifices!C:C,8)+1)/(2*(INDEX(Regs_Orifices!C:C,8)-1))) -> #DIV/0! | D20: kg/s
A21: mdot_H2 | B21: =IF(Regs_Orifices!C16=1,Regs_Orifices!C18,NA()) -> #N/A | D21: kg/s
A22: mdot_O2 | B22: =IF(Regs_Orifices!C17=1,Regs_Orifices!C19,NA()) -> #N/A | D22: kg/s
A23: MR_OF | B23: =Regs_Orifices!C22/Regs_Orifices!C21 -> #DIV/0! | D23: O/F
A24: phi_torch | B24: =INDEX(Inputs!C:C,27) -> 300 | D24: -

Sheet Torch_0D
A1: Quantity | B1: Formula / Link | C1: Value | D1: Units | E1: Notes
A2: Total mdot | B2: =Regs_Orifices!C21+Regs_Orifices!C22 -> 0 | D2: kg/s
A3: O/F | B3: =Regs_Orifices!C23 -> 0 | D3: -
A4: phi (torch) | B4: =1/(Torch_0D!C2*8/1) -> #DIV/0! | D4: - | E4: Assumes H2/O2 stoich O/F=8 by mass
A5: Chamber pressure (est.) | B5: =INDEX(Inputs!C:C,5) -> 300 | D5: psia | E5: Overwrite after combustion
A6: Adiabatic flame temperature Tad | B6: (paste from MATLAB) | D6: K
A7: gamma_products | B7: (paste from MATLAB) | D7: -
A8: Gas constant R_products | B8: (paste from MATLAB) | D8: J/kg-K
A9: Exit Mach (assume choked=1.0) | B9: 1.0 | D9: -
A10: Exit area A_exit | B10: =INDEX(Inputs!C:C,10)/1000000 -> 8.5e-07 | D10: m^2
A11: Exit velocity U_exit | B11: =IF(Torch_0D!C8=1, SQRT(Torch_0D!C6*Torch_0D!C5*1000), "needs MATLAB" ) -> needs MATLAB | D11: m/s | E11: Placeholder
A12: Residence time (plenum) | B12: =INDEX(Inputs!C:C,12)/ (Torch_0D!C1 / Torch_0D!C11) -> #VALUE! | D12: s | E12: V/m_dot * rho estimate (needs density)

Sheet Heat_Xfer
A1: Input/Output | B1: Name | C1: Value | D1: Units | E1: Notes
A2: input | B2: Tad | C2: =Torch_0D!C5 -> 0 | D2: K | E2: from MATLAB combustion
A3: input | B3: Pc | C3: =Torch_0D!C4 -> 0 | D3: psia
A4: input | B4: A_inner | C4: =Torch_0D!C11 -> 0 | D4: m^2 | E4: assumed surface area exposed
A5: input | B5: h_in | C5: =INDEX(Inputs!C:C,19) -> 10 | D5: W/m^2-K
A6: input | B6: h_out | C6: =INDEX(Inputs!C:C,18) -> 295 | D6: W/m^2-K
A7: input | B7: t_wall | C7: =INDEX(Inputs!C:C,13)/1000 -> 0.001 | D7: m
A8: input | B8: k_wall | C8: =INDEX(Inputs!C:C,14) -> 1.5 | D8: W/m-K
A9: input | B9: rho_wall | C9: =INDEX(Inputs!C:C,15) -> 16 | D9: kg/m^3
A10: input | B10: cp_wall | C10: =INDEX(Inputs!C:C,16) -> 8000 | D10: J/kg-K
A11: input | B11: T_amb | C11: =INDEX(Inputs!C:C,17) -> 500 | D11: K
A12: input | B12: t_run | C12: =INDEX(Inputs!C:C,12) -> 10000 | D12: s
A13: output | B13: Bi | C13: (from MATLAB) | D13: - | E13: Biot number
A14: output | B14: T_wall_inner_end | C14: (from MATLAB) | D14: K
A15: output | B15: T_wall_outer_end | C15: (from MATLAB) | D15: K
A16: output | B16: q_dot_to_ambient | C16: (from MATLAB) | D16: W

Sheet Jet_Lstar
A1: Quantity | B1: Formula / Description | C1: Value | D1: Units | E1: Notes
A2: Characteristic length L* (input) | B2: (enter desired) | D2: m
A3: Volume at L* | B3: =Jet_Lstar!C1*Torch_0D!C11 -> #VALUE! | D3: m^3 | E3: V=L*·A_t; uses A_exit as proxy throat
A4: Jet diameter (approx) | B4: =2*SQRT(Torch_0D!C11/PI()) -> 0 | D4: m
A5: Jet momentum ratio J | B5: =(Torch_0D!C1*Torch_0D!C10)/(PI()*(Jet_Lstar!C3/2)^2 * SQRT(287*INDEX(Inputs!C:C,28)*INDEX(Inputs!C:C,29))) -> #VALUE! | D5: - | E5: Rough vs main flow

Sheet Bolts_Seals
A1: Quantity | B1: Formula / Description | C1: Value | D1: Units | E1: Notes
A2: Bolt circle diameter (BCD) | B2: (enter) | D2: in
A3: Flange sealing diameter | B3: (enter) | D3: in | E3: Mean diameter of sealed area
A4: Internal pressure Pc | B4: =Torch_0D!C4 -> 0 | D4: psia
A5: Axial force from pressure | B5: =PI()* ( (Bolts_Seals!C2/2)^2 ) * (Bolts_Seals!C3) -> 0 | D5: lbf
A6: Per-bolt preload target (70% proof) | B6: =0.7*INDEX(Inputs!C:C,21)* (PI()/4)*(INDEX(Inputs!C:C,20)/1000/25.4)^2 -> 0.73626513 | D6: N | E6: approx
A7: Torque per bolt | B7: =INDEX(Inputs!C:C,24)*Bolts_Seals!C5*(INDEX(Inputs!C:C,20)/1000) -> 0 | D7: N·m | E7: T=K*F*D
A8: Thread shear check | B8: (calc in MATLAB optional) | D8: -
A9: O-ring gland temp (1D network) | B9: (from MATLAB) | D9: K

Sheet Optimization
A1: Instructions
A2: Use Excel Goal Seek or Solver:
A3: 1) To hit a target phi (Inputs!C27) by adjusting P0_H2 (Inputs!C3):
A4: - Set cell: Regs_Orifices!C24 (phi_torch)
A5: - To value: (Inputs!C27)
A6: - By changing cell: Inputs!C3 (or Inputs!C4)
A7: 2) To hit a target mdot_total: set Torch_0D!C1 to value by changing Inputs!C3 and Inputs!C4 (Solver with 2 variables).
A8: 3) Add constraints (Solver): Choked_H2? >= 1, Choked_O2? >= 1, Pc within bounds.
A10: Combustion & Heat Transfer: paste MATLAB outputs into Torch_0D and Heat_Xfer sheets at the indicated cells or automate via CSV export/import.
